{"cameraMode":{"drawMode":0,"name":"Shaded","section":"Shading Mode"},"sceneLighting":false,"audioPlay":false,"sceneViewState":{"m_AlwaysRefresh":false,"showFog":true,"showSkybox":false,"showFlares":true,"showImageEffects":true,"showParticleSystems":true,"showVisualEffectGraphs":true,"m_FxEnabled":true},"in2DMode":false,"pivot":{"x":-8.949999809265137,"y":-10.579999923706055,"z":1.7999999523162842},"rotation":{"x":0.036169108003377917,"y":0.08533524721860886,"z":-0.0030997341964393856,"w":0.9956912994384766},"size":4381.259765625,"orthographic":false}