{"cameraMode":{"drawMode":0,"name":"Shaded","section":"Shading Mode"},"sceneLighting":true,"audioPlay":false,"sceneViewState":{"m_AlwaysRefresh":false,"showFog":true,"showSkybox":true,"showFlares":true,"showImageEffects":true,"showParticleSystems":true,"showVisualEffectGraphs":true,"m_FxEnabled":true},"in2DMode":false,"pivot":{"x":2.5300047397613527,"y":5.965425491333008,"z":43.44137191772461},"rotation":{"x":0.01980576105415821,"y":-0.015318666584789753,"z":0.0002869012823794037,"w":0.9997075796127319},"size":23.382078170776368,"orthographic":false}