{"cameraMode":{"drawMode":0,"name":"Shaded","section":"Shading Mode"},"sceneLighting":true,"audioPlay":false,"sceneViewState":{"m_AlwaysRefresh":false,"showFog":true,"showSkybox":true,"showFlares":true,"showImageEffects":true,"showParticleSystems":true,"showVisualEffectGraphs":true,"m_FxEnabled":true},"in2DMode":false,"pivot":{"x":945.3194580078125,"y":308.3980712890625,"z":114.19522094726563},"rotation":{"x":0.19701425731182099,"y":0.0014666934730485082,"z":-0.00029623351292684674,"w":0.9804102778434753},"size":991.1444702148438,"orthographic":true}