{"cameraMode":{"drawMode":0,"name":"Shaded","section":"Shading Mode"},"sceneLighting":true,"audioPlay":false,"sceneViewState":{"m_AlwaysRefresh":false,"showFog":true,"showSkybox":true,"showFlares":true,"showImageEffects":true,"showParticleSystems":true,"showVisualEffectGraphs":true,"m_FxEnabled":true},"in2DMode":false,"pivot":{"x":0.5796676874160767,"y":6.498044013977051,"z":-2.354233741760254},"rotation":{"x":-0.12438159435987473,"y":0.04076472669839859,"z":-0.005117649212479591,"w":-0.9913901686668396},"size":2.2318918704986574,"orthographic":false}