{"cameraMode":{"drawMode":0,"name":"Shaded","section":"Shading Mode"},"sceneLighting":true,"audioPlay":false,"sceneViewState":{"m_AlwaysRefresh":false,"showFog":true,"showSkybox":true,"showFlares":true,"showImageEffects":true,"showParticleSystems":true,"showVisualEffectGraphs":true,"m_FxEnabled":true},"in2DMode":false,"pivot":{"x":-3.6506800651550295,"y":-3.625875473022461,"z":-2.2912654876708986},"rotation":{"x":0.31471365690231326,"y":-0.14867819845676423,"z":0.049983203411102298,"w":0.9361485242843628},"size":8.29616641998291,"orthographic":true}