{"cameraMode":{"drawMode":0,"name":"Shaded","section":"Shading Mode"},"sceneLighting":true,"audioPlay":false,"sceneViewState":{"m_AlwaysRefresh":false,"showFog":true,"showSkybox":true,"showFlares":true,"showImageEffects":true,"showParticleSystems":true,"showVisualEffectGraphs":true,"m_FxEnabled":true},"in2DMode":false,"pivot":{"x":623.995361328125,"y":383.8634033203125,"z":5.5494842529296879},"rotation":{"x":0.012309490703046322,"y":-0.0000037279955904523378,"z":-0.000001547340389151941,"w":0.9999345541000366},"size":402.5787658691406,"orthographic":false}