{"cameraMode":{"drawMode":0,"name":"Shaded","section":"Shading Mode"},"sceneLighting":true,"audioPlay":false,"sceneViewState":{"m_AlwaysRefresh":false,"showFog":true,"showSkybox":true,"showFlares":true,"showImageEffects":true,"showParticleSystems":true,"showVisualEffectGraphs":true,"m_FxEnabled":true},"in2DMode":false,"pivot":{"x":-1.8636090755462647,"y":0.01557159423828125,"z":16.98471450805664},"rotation":{"x":0.392917275428772,"y":0.006891260854899883,"z":-0.0029499779921025039,"w":0.9195541739463806},"size":11.091909408569336,"orthographic":false}